{
  "TF-IDF": {
    "MAP": 0.16543082819363333,
    "Precision@10": 0.3226666666666666,
    "nDCG@10": 0.35218192674531174,
    "MRR": 0.5762733992813037
  },
  "BM25": {
    "MAP": 0.15880527984606788,
    "Precision@10": 0.3413333333333334,
    "nDCG@10": 0.37738715910574583,
    "MRR": 0.6186361416361416
  }
}